FunctionName,AvgDurationMs
chameleonserve,45.06
chameleonserve,45.06
chameleonserve,45.06
chameleonserve,45.06
chameleonserve,45.06
chameleonserve,45.06
chameleonserve,45.06
chameleonserve,45.06
chameleonserve,45.06
chameleonserve,45.06
chameleonserve,45.06
chameleonserve,45.06
chameleonserve,45.06
chameleonserve,45.06
chameleonserve,45.06
chameleonserve,45.06
chameleonserve,45.06
chameleonserve,45.06
chameleonserve,45.06
chameleonserve,45.06
chameleonserve,45.06
chameleonserve,45.06
chameleonserve,45.06
chameleonserve,45.06
chameleonserve,45.06
cnnserve,594.71
cnnserve,594.71
cnnserve,594.71
cnnserve,594.71
cnnserve,594.71
cnnserve,594.71
cnnserve,594.71
cnnserve,594.71
cnnserve,594.71
cnnserve,594.71
cnnserve,594.71
cnnserve,594.71
cnnserve,594.71
cnnserve,594.71
cnnserve,594.71
cnnserve,594.71
cnnserve,594.71
cnnserve,594.71
cnnserve,594.71
cnnserve,594.71
cnnserve,594.71
cnnserve,594.71
cnnserve,594.71
cnnserve,594.71
cnnserve,594.71
imageresize,2202.99
imageresize,2202.99
imageresize,2202.99
imageresize,2202.99
imageresize,2202.99
imageresize,2202.99
imageresize,2202.99
imageresize,2202.99
imageresize,2202.99
imageresize,2202.99
imageresize,2202.99
imageresize,2202.99
imageresize,2202.99
imageresize,2202.99
imageresize,2202.99
imageresize,2202.99
imageresize,2202.99
imageresize,2202.99
imageresize,2202.99
imageresize,2202.99
imageresize,2202.99
imageresize,2202.99
imageresize,2202.99
imageresize,2202.99
imageresize,2202.99
lrserving,48.63
lrserving,48.63
lrserving,48.63
lrserving,48.63
lrserving,48.63
lrserving,48.63
lrserving,48.63
lrserving,48.63
lrserving,48.63
lrserving,48.63
lrserving,48.63
lrserving,48.63
lrserving,48.63
lrserving,48.63
lrserving,48.63
lrserving,48.63
lrserving,48.63
lrserving,48.63
lrserving,48.63
lrserving,48.63
lrserving,48.63
lrserving,48.63
lrserving,48.63
lrserving,48.63
lrserving,48.63
mapper,823.13
mapper,823.13
mapper,823.13
mapper,823.13
mapper,823.13
mapper,823.13
mapper,823.13
mapper,823.13
mapper,823.13
mapper,823.13
mapper,823.13
mapper,823.13
mapper,823.13
mapper,823.13
mapper,823.13
mapper,823.13
mapper,823.13
mapper,823.13
mapper,823.13
mapper,823.13
mapper,823.13
mapper,823.13
mapper,823.13
mapper,823.13
mapper,823.13
pyaesserve,29.47
pyaesserve,29.47
pyaesserve,29.47
pyaesserve,29.47
pyaesserve,29.47
pyaesserve,29.47
pyaesserve,29.47
pyaesserve,29.47
pyaesserve,29.47
pyaesserve,29.47
pyaesserve,29.47
pyaesserve,29.47
pyaesserve,29.47
pyaesserve,29.47
pyaesserve,29.47
pyaesserve,29.47
pyaesserve,29.47
pyaesserve,29.47
pyaesserve,29.47
pyaesserve,29.47
pyaesserve,29.47
pyaesserve,29.47
pyaesserve,29.47
pyaesserve,29.47
pyaesserve,29.47
reducer,4236.05
reducer,4236.05
reducer,4236.05
reducer,4236.05
reducer,4236.05
reducer,4236.05
reducer,4236.05
reducer,4236.05
reducer,4236.05
reducer,4236.05
reducer,4236.05
reducer,4236.05
reducer,4236.05
reducer,4236.05
reducer,4236.05
reducer,4236.05
reducer,4236.05
reducer,4236.05
reducer,4236.05
reducer,4236.05
reducer,4236.05
reducer,4236.05
reducer,4236.05
reducer,4236.05
reducer,4236.05
rnnserve,210.21
rnnserve,210.21
rnnserve,210.21
rnnserve,210.21
rnnserve,210.21
rnnserve,210.21
rnnserve,210.21
rnnserve,210.21
rnnserve,210.21
rnnserve,210.21
rnnserve,210.21
rnnserve,210.21
rnnserve,210.21
rnnserve,210.21
rnnserve,210.21
rnnserve,210.21
rnnserve,210.21
rnnserve,210.21
rnnserve,210.21
rnnserve,210.21
rnnserve,210.21
rnnserve,210.21
rnnserve,210.21
rnnserve,210.21
rnnserve,210.21
streducer,177.01
streducer,177.01
streducer,177.01
streducer,177.01
streducer,177.01
streducer,177.01
streducer,177.01
streducer,177.01
streducer,177.01
streducer,177.01
streducer,177.01
streducer,177.01
streducer,177.01
streducer,177.01
streducer,177.01
streducer,177.01
streducer,177.01
streducer,177.01
streducer,177.01
streducer,177.01
streducer,177.01
streducer,177.01
streducer,177.01
streducer,177.01
streducer,177.01
sttrainer,250.61
sttrainer,250.61
sttrainer,250.61
sttrainer,250.61
sttrainer,250.61
sttrainer,250.61
sttrainer,250.61
sttrainer,250.61
sttrainer,250.61
sttrainer,250.61
sttrainer,250.61
sttrainer,250.61
sttrainer,250.61
sttrainer,250.61
sttrainer,250.61
sttrainer,250.61
sttrainer,250.61
sttrainer,250.61
sttrainer,250.61
sttrainer,250.61
sttrainer,250.61
sttrainer,250.61
sttrainer,250.61
sttrainer,250.61
sttrainer,250.61
